<?xml version="1.0" ?>
<quiz>
<question type="category">
<category>
<text>$course$/top/My Question Bank PhysicsKerala.in COMET</text>
</category>
</question>

<question type="multichoice">
<name>
<text>Q001_v001</text>
</name>
<questiontext format="html">
<text>&lt;![CDATA[Value of \(5 + 4 +2 \times 5\)]]&gt;</text>
</questiontext>
<generalfeedback format="html">
<text>&lt;![CDATA[\(5 + 4 +2 \times 5 = 5 + 4 + 10.0  = 19.0\)]]&gt;</text>
</generalfeedback>
<single>true</single>
<shuffleanswers>true</shuffleanswers>
<answernumbering>abc</answernumbering>
<answer fraction="100" format="html">
<text>19.0</text>
<feedback>Correct!</feedback>
</answer>
<answer fraction="0" format="html">
<text>1.0</text>
<feedback>Incorrect.</feedback>
</answer>
<answer fraction="0" format="html">
<text>20.0</text>
<feedback>Incorrect.</feedback>
</answer>
<answer fraction="0" format="html">
<text>1.25</text>
<feedback>Incorrect.</feedback>
</answer>
</question>

<question type="multichoice">
<name>
<text>Q001_v002</text>
</name>
<questiontext format="html">
<text>&lt;![CDATA[Value of \(4 + 6 +2 \times 4\)]]&gt;</text>
</questiontext>
<generalfeedback format="html">
<text>&lt;![CDATA[\(4 + 6 +2 \times 4 = 4 + 6 + 8.0  = 18.0\)]]&gt;</text>
</generalfeedback>
<single>true</single>
<shuffleanswers>true</shuffleanswers>
<answernumbering>abc</answernumbering>
<answer fraction="100" format="html">
<text>18.0</text>
<feedback>Correct!</feedback>
</answer>
<answer fraction="0" format="html">
<text>-2.0</text>
<feedback>Incorrect.</feedback>
</answer>
<answer fraction="0" format="html">
<text>24.0</text>
<feedback>Incorrect.</feedback>
</answer>
<answer fraction="0" format="html">
<text>0.6667</text>
<feedback>Incorrect.</feedback>
</answer>
</question>

<question type="multichoice">
<name>
<text>Q001_v003</text>
</name>
<questiontext format="html">
<text>&lt;![CDATA[Value of \(5 + 6 +2 \times 5\)]]&gt;</text>
</questiontext>
<generalfeedback format="html">
<text>&lt;![CDATA[\(5 + 6 +2 \times 5 = 5 + 6 + 10.0  = 21.0\)]]&gt;</text>
</generalfeedback>
<single>true</single>
<shuffleanswers>true</shuffleanswers>
<answernumbering>abc</answernumbering>
<answer fraction="100" format="html">
<text>21.0</text>
<feedback>Correct!</feedback>
</answer>
<answer fraction="0" format="html">
<text>-1.0</text>
<feedback>Incorrect.</feedback>
</answer>
<answer fraction="0" format="html">
<text>30.0</text>
<feedback>Incorrect.</feedback>
</answer>
<answer fraction="0" format="html">
<text>0.8333</text>
<feedback>Incorrect.</feedback>
</answer>
</question>

<question type="multichoice">
<name>
<text>Q001_v004</text>
</name>
<questiontext format="html">
<text>&lt;![CDATA[Value of \(3 + 4 +2 \times 3\)]]&gt;</text>
</questiontext>
<generalfeedback format="html">
<text>&lt;![CDATA[\(3 + 4 +2 \times 3 = 3 + 4 + 6.0  = 13.0\)]]&gt;</text>
</generalfeedback>
<single>true</single>
<shuffleanswers>true</shuffleanswers>
<answernumbering>abc</answernumbering>
<answer fraction="100" format="html">
<text>13.0</text>
<feedback>Correct!</feedback>
</answer>
<answer fraction="0" format="html">
<text>-1.0</text>
<feedback>Incorrect.</feedback>
</answer>
<answer fraction="0" format="html">
<text>12.0</text>
<feedback>Incorrect.</feedback>
</answer>
<answer fraction="0" format="html">
<text>0.75</text>
<feedback>Incorrect.</feedback>
</answer>
</question>

<question type="multichoice">
<name>
<text>Q001_v005</text>
</name>
<questiontext format="html">
<text>&lt;![CDATA[Value of \(4 + 5 +2 \times 4\)]]&gt;</text>
</questiontext>
<generalfeedback format="html">
<text>&lt;![CDATA[\(4 + 5 +2 \times 4 = 4 + 5 + 8.0  = 17.0\)]]&gt;</text>
</generalfeedback>
<single>true</single>
<shuffleanswers>true</shuffleanswers>
<answernumbering>abc</answernumbering>
<answer fraction="100" format="html">
<text>17.0</text>
<feedback>Correct!</feedback>
</answer>
<answer fraction="0" format="html">
<text>-1.0</text>
<feedback>Incorrect.</feedback>
</answer>
<answer fraction="0" format="html">
<text>20.0</text>
<feedback>Incorrect.</feedback>
</answer>
<answer fraction="0" format="html">
<text>0.8</text>
<feedback>Incorrect.</feedback>
</answer>
</question>

<question type="multichoice">
<name>
<text>Q002_v001</text>
</name>
<questiontext format="html">
<text>&lt;![CDATA[Value of 3 + 4]]&gt;</text>
</questiontext>
<generalfeedback format="html">
<text>&lt;![CDATA[3 + 4 = 7.0]]&gt;</text>
</generalfeedback>
<single>true</single>
<shuffleanswers>true</shuffleanswers>
<answernumbering>abc</answernumbering>
<answer fraction="100" format="html">
<text>7.0</text>
<feedback>Correct!</feedback>
</answer>
<answer fraction="0" format="html">
<text>-1.0</text>
<feedback>Incorrect.</feedback>
</answer>
<answer fraction="0" format="html">
<text>12.0</text>
<feedback>Incorrect.</feedback>
</answer>
<answer fraction="0" format="html">
<text>0.75</text>
<feedback>Incorrect.</feedback>
</answer>
</question>

<question type="multichoice">
<name>
<text>Q002_v002</text>
</name>
<questiontext format="html">
<text>&lt;![CDATA[Value of 4 + 4]]&gt;</text>
</questiontext>
<generalfeedback format="html">
<text>&lt;![CDATA[4 + 4 = 8.0]]&gt;</text>
</generalfeedback>
<single>true</single>
<shuffleanswers>true</shuffleanswers>
<answernumbering>abc</answernumbering>
<answer fraction="100" format="html">
<text>8.0</text>
<feedback>Correct!</feedback>
</answer>
<answer fraction="0" format="html">
<text>0.0</text>
<feedback>Incorrect.</feedback>
</answer>
<answer fraction="0" format="html">
<text>16.0</text>
<feedback>Incorrect.</feedback>
</answer>
<answer fraction="0" format="html">
<text>1.0</text>
<feedback>Incorrect.</feedback>
</answer>
</question>

<question type="multichoice">
<name>
<text>Q002_v003</text>
</name>
<questiontext format="html">
<text>&lt;![CDATA[Value of 2 + 3]]&gt;</text>
</questiontext>
<generalfeedback format="html">
<text>&lt;![CDATA[2 + 3 = 5.0]]&gt;</text>
</generalfeedback>
<single>true</single>
<shuffleanswers>true</shuffleanswers>
<answernumbering>abc</answernumbering>
<answer fraction="100" format="html">
<text>5.0</text>
<feedback>Correct!</feedback>
</answer>
<answer fraction="0" format="html">
<text>-1.0</text>
<feedback>Incorrect.</feedback>
</answer>
<answer fraction="0" format="html">
<text>6.0</text>
<feedback>Incorrect.</feedback>
</answer>
<answer fraction="0" format="html">
<text>0.6667</text>
<feedback>Incorrect.</feedback>
</answer>
</question>

<question type="multichoice">
<name>
<text>Q002_v004</text>
</name>
<questiontext format="html">
<text>&lt;![CDATA[Value of 5 + 4]]&gt;</text>
</questiontext>
<generalfeedback format="html">
<text>&lt;![CDATA[5 + 4 = 9.0]]&gt;</text>
</generalfeedback>
<single>true</single>
<shuffleanswers>true</shuffleanswers>
<answernumbering>abc</answernumbering>
<answer fraction="100" format="html">
<text>9.0</text>
<feedback>Correct!</feedback>
</answer>
<answer fraction="0" format="html">
<text>1.0</text>
<feedback>Incorrect.</feedback>
</answer>
<answer fraction="0" format="html">
<text>20.0</text>
<feedback>Incorrect.</feedback>
</answer>
<answer fraction="0" format="html">
<text>1.25</text>
<feedback>Incorrect.</feedback>
</answer>
</question>

<question type="multichoice">
<name>
<text>Q002_v005</text>
</name>
<questiontext format="html">
<text>&lt;![CDATA[Value of 3 + 6]]&gt;</text>
</questiontext>
<generalfeedback format="html">
<text>&lt;![CDATA[3 + 6 = 9.0]]&gt;</text>
</generalfeedback>
<single>true</single>
<shuffleanswers>true</shuffleanswers>
<answernumbering>abc</answernumbering>
<answer fraction="100" format="html">
<text>9.0</text>
<feedback>Correct!</feedback>
</answer>
<answer fraction="0" format="html">
<text>-3.0</text>
<feedback>Incorrect.</feedback>
</answer>
<answer fraction="0" format="html">
<text>18.0</text>
<feedback>Incorrect.</feedback>
</answer>
<answer fraction="0" format="html">
<text>0.5</text>
<feedback>Incorrect.</feedback>
</answer>
</question>

</quiz>
